{
  "train_loss": [
    4.7663863588968916,
    4.539191949208577,
    4.355721732457479,
    4.118572504043579,
    3.860753470102946,
    3.587817056020101,
    3.2333594404856365,
    2.8750785903930662,
    2.562503915468852,
    2.3390736185709637
  ],
  "val_loss": [
    4.856688671512203,
    4.536860787007081,
    4.8987939072099875,
    3.97070278221077,
    3.792927480577589,
    3.5498501703177854,
    3.244624980846485,
    2.9041102721696688,
    2.7220361966908952,
    2.6219309834611444
  ],
  "train_acc": [
    0.011666666666666667,
    0.02225,
    0.037083333333333336,
    0.05366666666666667,
    0.07758333333333334,
    0.11566666666666667,
    0.17441666666666666,
    0.24033333333333334,
    0.3090833333333333,
    0.3580833333333333
  ],
  "val_acc": [
    0.010839160839160839,
    0.019813519813519812,
    0.0351981351981352,
    0.06235431235431235,
    0.08543123543123543,
    0.11888111888111888,
    0.16433566433566432,
    0.24219114219114218,
    0.2674825174825175,
    0.3016317016317016
  ]
}